Marketplace,Seller facing Fee Category,Fee %
1,Amazon Device Accessories,45%
1,Automotive and Powersports,12%
1,Baby Products,≤$10: 8% | >$10: 15% (total)
1,"Backpacks, Handbags, and Luggage",15%
1,Base Equipment Power Tools,12%
1,"Beauty, Health and Personal Care",≤$10: 8% | >$10: 15% (total)
1,"Business, Industrial, and Scientific Supplies",12%
1,Clothing and Accessories,≤$15: 5% | >$15 to ≤$20: 10% | >$20: 17% (total)
1,Compact Appliances,Up to $300: 15% | Over $300: 8% (tiered)
1,Computers,8%
1,Consumer Electronics,8%
1,Electronic Accessories,Up to $100: 15% | Over $100: 8% (tiered)
1,Everything Else,15%
1,Eyewear,15%
1,Footwear,15%
1,Full-Size Appliances,8%
1,Furniture,Up to $200: 15% | Over $200: 10% (tiered)
1,Gift Cards,20%
1,Grocery and Gourmet,≤$15: 8% | >$15: 15% (total)
1,Home and Kitchen,15%
1,Jewelry,Up to $250: 20% | Over $250: 5% (tiered)
1,Lawn and Garden,15%
1,Lawn Mowers and Snow Throwers,Up to $500: 15% | >$500: 8% (total)
1,Mattresses,15%
1,"Media - Books, DVD, Music, Software, Video",15%
1,Musical Instruments and AV Production,15%
1,Office Products,15%
1,Pet Products,"15%, except 22% for veterinary diets"
1,Sports and Outdoors,15%
1,Tires,10%
1,Tools and Home Improvement,15%
1,Toys and Games,15%
1,Video Game Consoles,8%
1,Video Games and Gaming Accessories,15%
1,Watches,Up to $1500: 16% | Over $1500: 3% (tiered)
7,Amazon Device Accessories,45%
7,Automotive and Powersports,12%
7,Baby Products,≤$15: 8% | >$15: 15% (total)
7,"Backpacks, Handbags, and Luggage",15%
7,Base Equipment Power Tools,12%
7,"Beauty, Health and Personal Care",≤$15: 8% | >$15: 15% (total)
7,"Business, Industrial, and Scientific Supplies",12%
7,Clothing and Accessories,<$20: 10% | ≥$20: 17% (total)
7,Compact Appliances,Up to $300: 15% | Over $300: 8% (tiered)
7,Computers,8%
7,Consumer Electronics,8%
7,Electronic Accessories,Up to $100: 15% | Over $100: 8% (tiered)
7,Everything Else,15%
7,Eyewear,17%
7,Footwear,15%
7,Full-Size Appliances,Up to $300: 15% | Over $300: 8% (tiered)
7,Furniture,Up to $250: 15% | Over $250: 10% (tiered)
7,Grocery and Gourmet,≤$15: 8% | >$15: 15% (total)
7,Home and Kitchen,15%
7,Jewellery,Up to CAD 325: 20% | Over CAD 325: 5% (tiered)
7,Lawn and Garden,15%
7,Mattresses,15%
7,"Media - Books, DVD, Music, Software, Video",15%
7,Musical Instruments and AV Production,15%
7,Office Products,15%
7,Pet Products,15%
7,Sports and Outdoors,15%
7,Tires,10%
7,Tools and Home Improvement,15%
7,Toys and Games,15%
7,Video Game Consoles,8%
7,Video Games and Gaming Accessories,15%
7,Watches,Up to $1500: 16% | Over $1500: 3% (tiered)
771770,Amazon Device Accessories,45%
771770,Automotive and Powersports,12%
771770,Baby Products,15%
771770,"Backpacks, Handbags, and Luggage",15%
771770,Base Equipment Power Tools,12%
771770,"Beauty, Health and Personal Care",≤MXN 200: 12% | >MXN 200: 15% (total)
771770,"Beer, Wine and Spirits",8%
771770,"Business, Industrial, and Scientific Supplies",14%
771770,Clothing and Accessories,15%
771770,Computers,10%
771770,Consumer Electronics,10%
771770,Electronics Accessories,Up to MXN 2000: 15% | Over MXN 2000: 8% (tiered)
771770,Everything Else,15%
771770,Eyewear,15%
771770,Footwear,15%
771770,Furniture,15%
771770,Grocery and Gourmet,≤MXN 300: 12% | >MXN 300: 15% (total)
771770,Home and Kitchen,15%
771770,Jewelry,15%
771770,Lawn and Garden,15%
771770,Major Appliances,15%
771770,Mattresses,15%
771770,"Media - Books, DVD, Music, Software, Video",15%
771770,Musical Instruments and AV Production,15%
771770,Office Products (excluding accessories),10%
771770,Pet Products,15%
771770,Sports and Outdoors,15%
771770,Tires,10%
771770,Tools and Home Improvement,15.0% | 12.0% for Power tools
771770,Toys and Games,≤MXN 300: 8% | >MXN 300: 15% (total)
771770,Video Game Consoles,8%
771770,Video Games and Gaming Accessories,15%
771770,Watches,Up to MXN 5000: 16% | Over MXN 5000: 5% (tiered)
526970,Air-conditioning,11%
526970,Alcoholic Beverages,11%
526970,Automotive (Parts and Accessories),12%
526970,Baby Products,12%
526970,Beauty,13%
526970,Books,15%
526970,Camera & Photography,11%
526970,Cellphones,11%
526970,Clothing & Accessories,14%
526970,Electronics & PC Accessories,Up to BRL 100: 15% | Above BRL 100: 10% (total)
526970,Electronics Base Devices,13%
526970,Everything Else,15%
526970,Full-Size Appliances,11%
526970,Furniture,Up to BRL 200: 15% | Above BRL 200: 10% (tiered)
526970,Games and Consoles,11%
526970,Grocery,10%
526970,Health and Personal Care,12%
526970,Home,12%
526970,Jewelry,14%
526970,Kitchen,12%
526970,Lawn & Garden,12%
526970,Luggage & Travel Accessories,14%
526970,Music,15%
526970,Musical Instruments and accessories,12%
526970,Office Products,13%
526970,PC,12%
526970,Personal Care Appliances,12%
526970,Pet supplies,12%
526970,"Shoes, Handbags & Sunglasses",14%
526970,Sports & Outdoors,12%
526970,Tires and Wheels,10%
526970,Tools & Home Improvement,11%
526970,Toys,12%
526970,"TV, Audio and Home Cinema",10%
526970,Video & DVD,15%
526970,Watches,13%
3,Amazon Device Accessories,45%
3,Automotive and Powersports,12%
3,Baby Products,Up to £45: 15% | Above £45: 9% (tiered)
3,Baby Strollers and Safety Equipment,Up to £10: 8% | Above £10: 15% (tiered)
3,Backpacks and Handbags,15%
3,"Beauty, Health and Personal Care",Up to £10: 8% | Above £10: 15% (tiered)
3,"Beer, Wine, and Spirits",10%
3,Books,15%
3,"Business, Industrial & Scientific Supplies",15%
3,Clothing and Accessories,≤£15: 5% | £15-£20: 10% | >£20: 15% (total) || For FBA and Seller Fulfilled Prime selection >£40: Up to £40: 15% | Above £40: 7% (tiered)
3,Commercial Electrical and Energy Supplies,12%
3,Compact Appliances,15%
3,Computers,7%
3,Consumer Electronics,7%
3,Cycling Accessory,15%
3,"Door, Window and Shower Accessories",13%
3,Electronic Accessories,Up to £100: 15% | Above £100: 8% (tiered)
3,Everything else,15%
3,Eyewear,15%
3,Eyewear Protection,15%
3,Footwear,15%
3,Full-Size Appliances,7%
3,Furniture,Up to £175: 15% | Above £175: 10% (tiered)
3,Furniture Accessories,13%
3,Grocery and Gourmet,≤£10: 8% | >£10: 15% (total)
3,Home Adhesives and Cable Ties,13%
3,Home Linen and Rugs,15%
3,Home Products,≤£20: 8% | >£20: 15% (total)
3,Jewellery,Up to £225: 20% | Above £225: 5% (tiered)
3,Kitchen,15%
3,Lawn and Garden,15%
3,Luggage,15%
3,Luggage Accessories,15%
3,Mattresses,15%
3,"Music, VHS, DVD",15%
3,Musical Instruments and AV Production,12%
3,Office Products,15%
3,Packing Materials,15%
3,Pet Clothing and Food,≤£10: 5% | >£10: 15% (total)
3,Pet Products,15%
3,Printer and Scanner accessories,Up to £100: 15% | Above £100: 8% (tiered)
3,Reusable Work and Safety Gloves,Up to £10: 8% | Above £10: 15% (total)
3,Software,15%
3,Sports and Outdoors,15%
3,Tires,7%
3,Tools and Home Improvement,13%
3,Toys and Games,15%
3,Video Game Consoles,8%
3,Video Games and Gaming Accessories,15%
3,"Vitamins, Minerals and Supplements",≤£10: 5% | >£10: 15% (total)
3,Watches,Up to £225: 15% | Above £225: 5% (tiered)
4,Amazon Device Accessories,45%
4,Automotive and Powersports,Up to €50: 15% | Above €50: 9% (tiered)
4,Baby Products,≤€10: 8% | >€10: 15% (total)
4,Baby Strollers and Safety Equipment,≤€10: 8% | >€10: 15% (total)
4,Backpacks and Handbags,15%
4,"Beauty, Health and Personal Care",≤€10: 8% | >€10: 15% (total)
4,"Beer, Wine, and Spirits",10%
4,Books,15%
4,"Business, Industrial & Scientific Supplies",15%
4,Clothing and Accessories,≤€15: 5% | €15 to €20: 10% | >€20: 15% || For Fulfilment by Amazon and Seller Fulfilled Prime selection Up to €45: 15% | Above €45: 7% (tiered)
4,Commercial Electrical and Energy Supplies,12%
4,Compact Appliances,15%
4,Computers,7%
4,Consumer Electronics,7%
4,Cycling Accessory,15%
4,"Door, Window and Shower Accessories",13%
4,Electronic Accessories,Up to €100: 15% | Above €100: 8% (tiered)
4,Everything else,15%
4,Eyewear,15%
4,Eyewear Protection,15%
4,Footwear,15%
4,Full-Size Appliances,7%
4,Furniture,Up to €200: 15% | Above €200: 10% (tiered)
4,Furniture Accessories,13%
4,Grocery and Gourmet,≤€10: 8% | >€10: 15% (total)
4,Home Adhesives and Cable Ties,13%
4,Home Linen and Rugs,15%
4,Home Products,≤€20: 8% | >€20: 15% (total)
4,Jewellery,Up to €250: 20% | Over €250: 5% (tiered)
4,Kitchen,15%
4,Lawn and Garden,15%
4,Luggage,15%
4,Luggage Accessories,15%
4,Mattresses,15%
4,"Music, VHS, DVD",15%
4,Musical Instruments and AV Production,12%
4,Office Products,15%
4,Packing Materials,15%
4,Pet Clothing and Food,≤€10: 5% | >€10: 15% (total)
4,Pet Products,15%
4,Printer and Scanner accessories,Up to €100: 15% | Above €100: 8% (tiered)
4,Reusable Work and Safety Gloves,≤€10: 8% | >€10: 15% (total)
4,Software,15%
4,Sports and Outdoors,15%
4,Tires,7%
4,Tools and Home Improvement,13%
4,Toys and Games,15%
4,Video Game Consoles,8%
4,Video Games and Gaming Accessories,15%
4,"Vitamins, Minerals and Supplements",≤€10: 5% | >€10: 15% (total)
4,Watches,Up to €250: 15% | Over €250: 5% (tiered)
5,Amazon Device Accessories,45%
5,Automotive and Powersports,Up to €50: 15% | Over €50: 9% (tiered)
5,Baby Products,≤€10: 8% | >€10: 15% (total)
5,Baby Strollers and Safety Equipment,≤€10: 8% | >€10: 15% (total)
5,Backpacks and Handbags,15%
5,"Beauty, Health and Personal Care",≤$10: 8% | >$10: 15% (total)
5,"Beer, Wine, and Spirits",10%
5,Books,15%
5,"Business, Industrial, and Scientific Supplies",15%
5,Clothing and Accessories,≤€15: 5% | €15 to €20: 10% | >€20: 15% || For Fulfilment by Amazon and Seller Fulfilled Prime selection Up to €45: 15% | Above €45: 7% (tiered)
5,Commercial Electrical and Energy Supplies,12%
5,Compact Appliances,15%
5,Computers,7%
5,Consumer Electronics,7%
5,Cycling Accessory,15%
5,"Door, Window and Shower Accessories",13%
5,Electronic Accessories,Up to €100: 15% | Over €100: 8% (tiered)
5,Everything else,15%
5,Eyewear,15%
5,Eyewear Protection,15%
5,Footwear,15%
5,Full-Size Appliances,7%
5,Furniture,Up to €200: 15% | Over €200: 10% (tiered)
5,Furniture Accessories,13%
5,Grocery and Gourmet,≤€10: 5% | >€10: 15% (total)
5,Home Adhesives and Cable Ties,13%
5,Home Linen and Rugs,15%
5,Home Products,≤€20: 8% | >€20: 15% (total)
5,Jewellery,Up to €250: 20% | Over €250: 5% (tiered)
5,Kitchen,15%
5,Lawn and Garden,15%
5,Luggage,15%
5,Luggage Accessories,15%
5,Mattresses,15%
5,"Music, VHS, DVD",15%
5,Musical Instruments and AV Production,12%
5,Office Products,15%
5,Packing Materials,15%
5,Pet Clothing and Food,≤€10: 5% | >€10: 15% (total)
5,Pet Products,15%
5,Printer and Scanner accessories,Up to €100: 15% | Above €100: 8% (tiered)
5,Reusable Work and Safety Gloves,≤$10: 8% | >$10: 15% (total)
5,Software,15%
5,Sports and Outdoors,15%
5,Tires,7%
5,Tools and Home Improvement,13%
5,Toys and Games,15%
5,Video Game Consoles,8%
5,Video Games and Gaming Accessories,15%
5,"Vitamins, Minerals and Supplements",≤€10: 5% | >€10: 15% (total)
5,Watches,Up to €250: 15% | Above €250: 5% (tiered)
35691,Amazon Device Accessories,45%
35691,Automotive and Powersports,Up to €50: 15% | Over €50: 9% (tiered)
35691,Baby Products,≤€10: 8% | >€10: 15% (total)
35691,Baby Strollers and Safety Equipment,≤€10: 8% | >€10: 15% (total)
35691,Backpacks and Handbags,15%
35691,"Beauty, Health and Personal Care",≤$10: 8% | >$10: 15% (total)
35691,"Beer, Wine, and Spirits",10%
35691,Books,15%
35691,"Business, Industrial, and Scientific Supplies",15%
35691,Clothing and Accessories,≤€15: 5% | €15 to €20: 10% | >€20: 15% || For Fulfilment by Amazon and Seller Fulfilled Prime selection Up to €45: 15% | Above €45: 7% (tiered)
35691,Commercial Electrical and Energy Supplies,12%
35691,Compact Appliances,15%
35691,Computers,7%
35691,Consumer Electronics,7%
35691,Cycling Accessory,15%
35691,"Door, Window and Shower Accessories",13%
35691,Electronic Accessories,Up to €100: 15% | Over €100: 8% (tiered)
35691,Everything else,15%
35691,Eyewear,15%
35691,Eyewear Protection,15%
35691,Footwear,15%
35691,Full-Size Appliances,7%
35691,Furniture,Up to €200: 15% | Over €200: 10% (tiered)
35691,Furniture Accessories,13%
35691,Grocery and Gourmet,≤€10: 5% | >€10: 15% (total)
35691,Home Adhesives and Cable Ties,13%
35691,Home Linen and Rugs,15%
35691,Home Products,≤€20: 8% | >€20: 15% (total)
35691,Jewellery,Up to €250: 20% | Over €250: 5% (tiered)
35691,Kitchen,15%
35691,Lawn and Garden,15%
35691,Luggage,15%
35691,Luggage Accessories,15%
35691,Mattresses,15%
35691,"Music, VHS, DVD",15%
35691,Musical Instruments and AV Production,12%
35691,Office Products,15%
35691,Packing Materials,15%
35691,Pet Clothing and Food,≤€10: 5% | >€10: 15% (total)
35691,Pet Products,15%
35691,Printer and Scanner accessories,Up to €100: 15% | Above €100: 8% (tiered)
35691,Reusable Work and Safety Gloves,≤$10: 8% | >$10: 15% (total)
35691,Software,15%
35691,Sports and Outdoors,15%
35691,Tires,7%
35691,Tools and Home Improvement,13%
35691,Toys and Games,15%
35691,Video Game Consoles,8%
35691,Video Games and Gaming Accessories,15%
35691,"Vitamins, Minerals and Supplements",≤€10: 5% | >€10: 15% (total)
35691,Watches,Up to €250: 15% | Above €250: 5% (tiered)
44551,Amazon Device Accessories,45%
44551,Automotive and Powersports,Up to €50: 15% | Over €50: 9% (tiered)
44551,Baby Products,≤€10: 8% | >€10: 15% (total)
44551,Baby Strollers and Safety Equipment,≤€10: 8% | >€10: 15% (total)
44551,Backpacks and Handbags,15%
44551,"Beauty, Health and Personal Care",≤$10: 8% | >$10: 15% (total)
44551,"Beer, Wine, and Spirits",10%
44551,Books,15%
44551,"Business, Industrial, and Scientific Supplies",15%
44551,Clothing and Accessories,≤€15: 5% | €15 to €20: 10% | >€20: 15% || For Fulfilment by Amazon and Seller Fulfilled Prime selection Up to €45: 15% | Above €45: 7% (tiered)
44551,Commercial Electrical and Energy Supplies,12%
44551,Compact Appliances,15%
44551,Computers,7%
44551,Consumer Electronics,7%
44551,Cycling Accessory,15%
44551,"Door, Window and Shower Accessories",13%
44551,Electronic Accessories,Up to €100: 15% | Over €100: 8% (tiered)
44551,Everything else,15%
44551,Eyewear,15%
44551,Eyewear Protection,15%
44551,Footwear,15%
44551,Full-Size Appliances,7%
44551,Furniture,Up to €200: 15% | Over €200: 10% (tiered)
44551,Furniture Accessories,13%
44551,Grocery and Gourmet,≤€10: 5% | >€10: 15% (total)
44551,Home Adhesives and Cable Ties,13%
44551,Home Linen and Rugs,15%
44551,Home Products,≤€20: 8% | >€20: 15% (total)
44551,Jewellery,Up to €250: 20% | Over €250: 5% (tiered)
44551,Kitchen,15%
44551,Lawn and Garden,15%
44551,Luggage,15%
44551,Luggage Accessories,15%
44551,Mattresses,15%
44551,"Music, VHS, DVD",15%
44551,Musical Instruments and AV Production,12%
44551,Office Products,15%
44551,Packing Materials,15%
44551,Pet Clothing and Food,≤€10: 5% | >€10: 15% (total)
44551,Pet Products,15%
44551,Printer and Scanner accessories,Up to €100: 15% | Above €100: 8% (tiered)
44551,Reusable Work and Safety Gloves,≤$10: 8% | >$10: 15% (total)
44551,Software,15%
44551,Sports and Outdoors,15%
44551,Tires,7%
44551,Tools and Home Improvement,13%
44551,Toys and Games,15%
44551,Video Game Consoles,8%
44551,Video Games and Gaming Accessories,15%
44551,"Vitamins, Minerals and Supplements",≤€10: 5% | >€10: 15% (total)
44551,Watches,Up to €250: 15% | Above €250: 5% (tiered)
328451,Amazon Device Accessories,45%
328451,Automotive and Powersports,Up to €50: 15% | Above €50: 9% (tiered)
328451,Automotive and Powersports Electronic Accessories,Electronic Devices: 7% | Electronic Accessories: 12%
328451,Baby Products,≤€10: 8% | >€10: 15% (total)
328451,Baby Strollers and Safety Equipment,≤€10: 8% | >€10: 15% (total)
328451,Backpacks and Handbags,15%
328451,"Beauty, Health and Personal Care",≤€10: 8% | >€10: 15% (total)
328451,"Beer, Wine and Spirits",10%
328451,Books,15%
328451,"Business, Industrial & Scientific Supplies",15%
328451,Clothing and Accessories,≤€15: 5% | €15 to €20: 10% | >€20: 15% || For Fulfilment by Amazon and Seller Fulfilled Prime selection Up to €45: 15% | Above €45: 7% (tiered)
328451,Commercial Electrical and Energy Supplies,12%
328451,Compact Appliances,15%
328451,Computers,7%
328451,Consumer Electronics,7%
328451,Cycling,10%
328451,Cycling Accessory,15%
328451,"Door, Window and Shower Accessories",13%
328451,Electronic Accessories,Up to €100: 15% | Over €100: 8% (tiered)
328451,Everything else,15%
328451,Eyewear,≤€15: 8% | >€15: 15% (total) || For Prime selection Up to €45: 15% | Above €45: 7% (tiered)
328451,Eyewear Protection,≤€15: 8% | >€15: 15% (total) || For Prime selection Up to €45: 15% | Above €45: 7% (tiered)
328451,Footwear,15%
328451,Full-Size Appliances,7%
328451,Furniture,Up to €200: 15% | Over €200: 10% (tiered)
328451,Furniture Accessories,13%
328451,Grocery and Gourmet,≤€10: 5% | >€10: 15% (total)
328451,Home Adhesives and Cable Ties,13%
328451,Home Linen and Rugs,15%
328451,Home Products,≤€20: 8% | >€20: 15% (total)
328451,Jewelry,Up to €250: 20% | Over €250: 5% (tiered)
328451,Kitchen,15%
328451,Lawn and Garden,15%
328451,Luggage,15%
328451,Luggage Accessories,15%
328451,Mattresses,15%
328451,"Music, VHS, DVD",15%
328451,Musical Instruments and AV Production,12%
328451,Office Products,15%
328451,Packing Materials,15%
328451,Pet Clothing and Food,≤€10: 5% | >€10: 15% (total)
328451,Pet Supplies,15%
328451,Printer and Scanner accessories,Up to €100: 15% | Above €100: 8% (tiered)
328451,Reusable Work and Safety Gloves,Up to €10: 15% | Above €10: 8% (tiered)
328451,Software,15%
328451,Sports & Outdoors,15%
328451,Tires,7%
328451,Tools and Home Improvement,13%
328451,Toys and Games,15%
328451,Video Game Consoles,8%
328451,Video Games and Gaming Accessories,15%
328451,"Vitamins, Minerals and Supplements",≤€10: 5% | >€10: 15% (total)
328451,Watches,Up to €250: 15% | Above €250: 5% (tiered)
679831071,Amazon Device Accessories,45%
679831071,Automotive and Powersports,Up to €50: 15% | Above €50: 9% (tiered)
679831071,Automotive and Powersports Electronic Accessories,#N/A
679831071,Baby Products,≤€10: 8% | >€10: 15% (total)
679831071,Baby Strollers and Safety Equipment,≤€10: 8% | >€10: 15% (total)
679831071,Backpacks and Handbags,15%
679831071,"Beauty, Health and Personal Care",≤€10: 8% | >€10: 15% (total)
679831071,"Beer, Wine & Spirits",10%
679831071,Books,15%
679831071,"Business, Industrial & Scientific Supplies",15%
679831071,Clothing and Accessories,≤€15: 5% | €15 to €20: 10% | >€20: 15% || For Fulfilment by Amazon and Seller Fulfilled Prime selection Up to €45: 15% | Above €45: 7% (tiered)
679831071,Commercial Electrical and Energy Supplies,12%
679831071,Compact Appliances,15%
679831071,Computers,7%
679831071,Consumer Electronics,7%
679831071,Cycling,10%
679831071,Cycling Accessories,15%
679831071,"Door, Window and Shower Accessories",13%
679831071,Electronic Accessories,Up to €100: 15% | Over €100: 8% (tiered)
679831071,Everything else,15%
679831071,Eyewear,≤€15: 8% | >€15: 15% (total) || For Prime selection Up to €45: 15% | Above €45: 7% (tiered)
679831071,Eyewear Protection,≤€15: 8% | >€15: 15% (total) || For Prime selection Up to €45: 15% | Above €45: 7% (tiered)
679831071,Footwear,15%
679831071,Full-Size Appliances,7%
679831071,Furniture,Up to €200: 15% | Over €200: 10% (tiered)
679831071,Furniture Accessories,13%
679831071,Grocery & Gourmet,≤€10: 5% | >€10: 15% (total)
679831071,Home Adhesives and Cable Ties,13%
679831071,Home Linen and Rugs,15%
679831071,Home Products,≤€20: 8% | >€20: 15% (total)
679831071,Jewellery,Up to €250: 20% | Over €250: 5% (tiered)
679831071,Kitchen,15%
679831071,Lawn and Garden,15%
679831071,Luggage,15%
679831071,Luggage Accessories,15%
679831071,Mattresses,15%
679831071,"Music, VHS, DVD",15%
679831071,Musical Instruments and AV Production,12%
679831071,Office Products,15%
679831071,Packing Materials,15%
679831071,Pet Clothing and Food,≤€10: 5% | >€10: 15% (total)
679831071,Pet Supplies,15%
679831071,Printer and Scanner accessories,Up to €100: 15% | Above €100: 8% (tiered)
679831071,Reusable Work and Safety Gloves,Up to €10: 15% | Above €10: 8% (tiered)
679831071,Software,15%
679831071,Sports & Outdoors,15%
679831071,Tools and Home Improvement,13%
679831071,Toys and Games,15%
679831071,Tyres,7%
679831071,Video Game Consoles,8%
679831071,Video Games and Gaming Accessories,15%
679831071,"Vitamins, Minerals and Supplements",≤€10: 5% | >€10: 15% (total)
679831071,Watches,Up to €250: 15% | Above €250: 5% (tiered)
704403121,Amazon Device Accessories,45%
704403121,Automotive and Powersports,Up to 525 kr: 15% | Above 525 kr: 9% (tiered)
704403121,Automotive and Powersports Electronic Accessories,7% for Automotive and Powersports electronic devices | 12% for Automotive and Powersports electronic accessories 
704403121,Baby Products,Up to 105 kr: 8% | Above 105 kr: 15% (total)
704403121,Baby Strollers and Safety Equipment,Up to 105 kr: 8% | Above 105 kr: 15% (total)
704403121,Backpacks and Handbags,15%
704403121,"Beauty, Health and Personal Care",Up to 105 kr: 8% | Above 105 kr: 15% (total)
704403121,"Beer, Wine and Spirits",
704403121,Books,15%
704403121,"Business, Industrial & Scientific Supplies",15%
704403121,Clothing and Accessories,≤175 kr: 5% | 175 to 230 kr: 10% | >230 kr: 15% || For Prime selection Up to 470 kr: 15% | Above 470 kr: 7% (tiered)
704403121,Commercial Electrical and Energy Supplies,12%
704403121,Compact Appliances,15%
704403121,Computers,7%
704403121,Consumer Electronics,7%
704403121,Cycling Accessory,15%
704403121,"Door, Window and Shower Accessories",13%
704403121,Electronic Accessories,Up to 1050 kr: 15% | Over 1050 kr: 8% (tiered)
704403121,Everything else,15%
704403121,Eyewear,≤175 kr: 8% | >175 kr: 15% (total) || For Prime selection Up to 470 kr: 15% | Above 470 kr: 7% (tiered)
704403121,Eyewear Protection,≤175 kr: 8% | >175 kr: 15% (total) || For Prime selection Up to 470 kr: 15% | Above 470 kr: 7% (tiered)
704403121,Footwear,15%
704403121,Full-Size Appliances,7%
704403121,Furniture,Up to 2100 kr: 15% | Over 2100 kr: 10% (tiered)
704403121,Furniture Accessories,13%
704403121,Grocery and Gourmet,≤105 kr: 5% | >105 kr: 15% (total)
704403121,Home Adhesives and Cable Ties,13%
704403121,Home Linen and Rugs,15%
704403121,Home Products,≤230 kr: 8% | >230 kr: 15% (total)
704403121,Jewellery,Up to 2600 kr: 20% | Over 2600 kr: 5% (tiered)
704403121,Kitchen,15%
704403121,Lawn and Garden,15%
704403121,Luggage,15%
704403121,Luggage Accessories,15%
704403121,Mattresses,15%
704403121,"Music, VHS, DVD",15%
704403121,Musical Instruments and AV Production,12%
704403121,Office Products,15%
704403121,Packing Materials,15%
704403121,Pet Clothing and Food,≤105 kr: 5% | >105 kr: 15% (total)
704403121,Pet Supplies,15%
704403121,Printer and Scanner accessories,Up to 1050 kr: 15% | Above 1050 kr: 8% (tiered)
704403121,Reusable Work and Safety Gloves,
704403121,Software,15%
704403121,Sports and Outdoors,15%
704403121,Tools and Home Improvement,13%
704403121,Toys and Games,15%
704403121,Tyres,7%
704403121,Video Game Consoles,8%
704403121,Video Games and Gaming Accessories,15%
704403121,"Vitamins, Minerals and Supplements",≤105 kr: 5% | >105 kr: 15% (total)
704403121,Watches,Up to 2600 kr: 15% | Above 2600 kr: 5% (tiered)
712115121,Amazon Device Accessories,45%
712115121,Automotive and Powersports,9%
712115121,Automotive and Powersports Electronic Accessories,8% with a maximum fee of PLN 120
712115121,Automotive and Powersports Electronic Devices,7% with a maximum fee of PLN 120
712115121,Baby Products,≤PLN 40: 8% | >PLN 40: 10% (total)
712115121,Baby Strollers and Safety Equipment,≤PLN 40: 8% | >PLN 40: 10% (total)
712115121,Backpacks and Handbags,10% flat fee || For FBA  selection Up to PLN 180: 10% | Above PLN 180: 7% (tiered)
712115121,Beauty,≤PLN 40: 4% | >PLN 40: 6% (total)
712115121,"Beer, Wine and Spirits",10%
712115121,Books,9%
712115121,"Business, Industrial & Scientific Supplies",10%
712115121,Clothing and Accessories,≤PLN 65: 5%| >PLN 65: 10% || For Prime selection Up to PLN 180: 10% | Above PLN 180: 7% (tiered)
712115121,Commercial Electrical and Energy Supplies,10%
712115121,Compact Appliances,4%
712115121,Computer Accessories,Up to PLN 50: 8% | Above PLN 50: 4% (tiered)
712115121,Computers,Up to PLN 200: 3% | Above PLN 200: 1.5% (tiered)
712115121,Consumer Electronics,5%
712115121,Cycling,8%
712115121,Cycling Accessory,10.50%
712115121,"Door, Window and Shower Accessories",6%
712115121,Electronic Accessories,Up to PLN 50: 12% | Over PLN 50: 6% (tiered)
712115121,Everything else,15%
712115121,Eyewear,10% flat fee || For FBA  selection Up to PLN 180: 10% | Above PLN 180: 7% (tiered)
712115121,Eyewear Protection,10% flat fee || For FBA  selection Up to PLN 180: 10% | Above PLN 180: 7% (tiered)
712115121,Footwear,10% flat fee || For FBA  selection Up to PLN 180: 10% | Above PLN 180: 7% (tiered)
712115121,Full-Size Appliances,4%
712115121,Furniture,10%
712115121,Furniture Accessories,6%
712115121,Grocery and Gourmet,≤PLN 40: 5% | >PLN 40: 11% (total)
712115121,Health & Personal Care,Up to PLN 40: 2.5% | Above PLN 40: 8% (total)
712115121,Home Adhesives and Cable Ties,6%
712115121,Home Linen and Rugs,10%
712115121,Home Products,≤PLN 85: 8% | >PLN 85: 10% (total)
712115121,Jewellery,Up to PLN 200: 12% | Above PLN 200: 5% (tiered)
712115121,Kitchen,10%
712115121,Lawn and Garden,9%
712115121,Luggage,10%
712115121,Luggage Accessories,10%
712115121,Mattresses,10%
712115121,"Music, VHS, DVD",10%
712115121,Musical Instruments and AV Production,9%
712115121,Office Products,10%
712115121,Packing Materials,10%
712115121,Personal Care Appliances,≤PLN 40: 8% | >PLN 40: 7.5% (total)
712115121,Pet Clothing and Food,≤PLN 40: 5% | >PLN 40: 5.5% (total)
712115121,Pet Supplies,5.50%
712115121,Printer and Scanner accessories,Up to PLN 50: 12% | Above PLN 50: 6% (tiered)
712115121,Reusable Work and Safety Gloves,≤PLN 40: 2.5% | >PLN 40: 8% (total)
712115121,Software,9%
712115121,Sports & Outdoors,10%
712115121,Tools and Home Improvement,6%
712115121,Toys and Games,10%
712115121,Tyres,"5.5%, up to a maximum fee of PLN 120"
712115121,Video Game Consoles,4%
712115121,Video Games and Gaming Accessories,8%
712115121,"Vitamins, Minerals and Supplements",≤PLN 40: 2.5% | >PLN 40: 8% (total)
712115121,Watches,Up to PLN 200: 12% | Above PLN 200: 5% (tiered)
753556201,Amazon Device Accessories,45%
753556201,Automotive and Powersports,Up to €50: 15% | Above €50: 9% (tiered)
753556201,Automotive and Powersports Electronic Accessories,12%
753556201,Automotive and Powersports Electronic Devices,7%
753556201,Baby Products,≤€10: 8% | >€10: 15% (total)
753556201,Baby Strollers and Safety Equipment,≤€10: 8% | >€10: 15% (total)
753556201,Backpacks and Handbags,15%
753556201,"Beauty, Health and Personal Care",≤€10: 8% | >€10: 15% (total)
753556201,"Beer, Wine, and Spirits",10%
753556201,Books,15%
753556201,"Business, Industrial & Scientific Supplies",15%
753556201,Clothing and Accessories,≤€15: 5% | >€15 to ≤€20: 10% | >€20: 15% (total)
753556201,Commercial Electrical and Energy Supplies,12%
753556201,Compact Appliances,15%
753556201,Computers,7%
753556201,Consumer Electronics,7%
753556201,Cycling,10%
753556201,Cycling Accessories,15%
753556201,"Door, Window and Shower Accessories",13%
753556201,Electronic Accessories,Up to €100: 15% | Over €100: 8% (tiered)
753556201,Everything else,15%
753556201,Eyewear,≤€15: 8% | >€15: 15% (total) || For Prime selection Up to €45: 15% | Above €45: 7% (tiered)
753556201,Eyewear Protection,≤€15: 8% | >€15: 15% (total) || For Prime selection Up to €45: 15% | Above €45: 7% (tiered)
753556201,Footwear,15%
753556201,Full-Size Appliances,7%
753556201,Furniture,Up to €200: 15% | Over €200: 10% (tiered)
753556201,Furniture Accessories,13%
753556201,Grocery and Gourmet,≤€10: 8% | >€10: 15% (total)
753556201,Home Adhesives and Cable Ties,13%
753556201,Home Linen and Rugs,15%
753556201,Home Products,≤€20: 8% | >€20: 15% (total)
753556201,Jewellery,Up to €250: 20% | Above €250: 5% (tiered)
753556201,Kitchen,15%
753556201,Lawn and Garden,15%
753556201,Luggage,15%
753556201,Luggage Accessories,15%
753556201,Mattresses,15%
753556201,"Music, VHS, DVD",15%
753556201,Musical Instruments and AV Production,12%
753556201,Office Products,15%
753556201,Packing Materials,15%
753556201,Pet Clothing and Food,≤€10: 5% | >€10: 15% (total)
753556201,Pet Supplies,15%
753556201,Printer and Scanner accessories,Up to €100: 15% | Over €100: 8% (tiered)
753556201,Reusable Work and Safety Gloves,≤€10: 8% | >€10: 15% (total)
753556201,Software,15%
753556201,Sports & Outdoors,15%
753556201,Tires,7%
753556201,Tools and Home Improvement,13%
753556201,Toys and Games,15%
753556201,Video Game Consoles,8%
753556201,Video Games and Gaming Accessories,15%
753556201,"Vitamins, Minerals and Supplements",≤€10: 5% | >€10: 15% (total)
753556201,Watches,Up to €250: 15% | Above €250: 5% (tiered)
338801,All Other Categories,10%
338801,Apparel,12%
338801,Automotive,12%
338801,Baby,≤AED 50: 8% | >AED 50: 15% (total)
338801,Beauty,≤AED 50: 8% | >AED 50: 15% (total)
338801,Books,15%
338801,"Business, Industrial, and Scientific Supplies",11%
338801,Camera,8%
338801,Consumer Electronics,7%
338801,Electronics Accessories,Up to AED 250: 15% | Above AED 250: 8% (tiered)
338801,Furniture,Up to AED 750: 15% | Above AED 750: 10% (tiered)
338801,Gift Cards,5%
338801,Grocery,≤AED 50: 5% | >AED 50: 11% (total)
338801,Health & Personal Care,≤AED 50: 8% | >AED 50: 15% (total)
338801,Home,15%
338801,Home Entertainment,5%
338801,Jewelry,Up to AED 1000: 16% | Above AED 1000: 5% (tiered)
338801,Kitchen,15%
338801,Luggage,15%
338801,Major appliances,6%
338801,Mobile phones,5%
338801,Music,10%
338801,Music instruments,15%
338801,Office Products,14%
338801,Outdoor,15%
338801,PC store,6%
338801,Perfumes,15%
338801,Personal care Appliances,≤AED 50: 8% | >AED 50: 15% (total)
338801,Pet Products,≤AED 50: 8% | >AED 50: 15% (total)
338801,Shoes,15%
338801,Small Appliances,13%
338801,Software,10%
338801,Sports,14%
338801,Tools & Home Improvement,15%
338801,Toys,14%
338801,Video & DVD,10%
338801,Video Game Consoles,6%
338801,Video Games,15%
338801,Watches,Up to AED 5000: 15% | Above AED 5000: 5% (tiered)
338811,All Other Categories,10%
338811,Apparel,15%
338811,Automotive,12%
338811,Baby,Up to SAR 50: 8% | >SAR 50: 15% (total)
338811,Beauty,Up to SAR 50: 8.5% | >SAR 50: 11% (total)
338811,Books,15%
338811,Camera,8%
338811,Consumer Electronics,5.50%
338811,Electronics Accessories,Up to SAR 250: 15% | Over SAR 250: 8% (tiered)
338811,Furniture,Up to SAR 750: 15% | Over SAR 750: 10% (tiered)
338811,Gift Cards,10%
338811,Grocery,≤SAR 25: 3% | >SAR 25: 9% (total)
338811,Health & Personal Care,≤SAR 50: 8.5% | >SAR 50: 11% (total)
338811,Home,14%
338811,Jewelry,Up to SAR 1000: 16% | Over SAR 1000: 5% (tiered)
338811,Kitchen,14%
338811,Luggage,15%
338811,Major appliances,6%
338811,Mobile phones,5.50%
338811,Music,15%
338811,Music instruments,15%
338811,Office Products,15%
338811,Outdoor,14%
338811,Perfumes,15%
338811,Personal Care Appliances,≤SAR 50: 8% | >SAR 50: 13% (total)
338811,Personal Computers,6%
338811,Pet Products,15%
338811,Portable Audio,10%
338811,Shoes,15%
338811,Small Appliances,12%
338811,Software,10%
338811,Sports,13%
338811,Tools & Home Improvement,14%
338811,Toys,14%
338811,Video & DVD,13%
338811,Video Game Consoles,6%
338811,Video Games,14%
338811,Watches,Up to SAR 5000: 15% | Over SAR 5000: 5% (tiered)
338851,Automotive,12.50%
338851,Baby Products (excl. Apparel),11.50%
338851,Beauty,≤TRY 500: 9% | >TRY 500: 14% (total)
338851,Books,10.20%
338851,Camera,9%
338851,Cell Phone,8%
338851,Clothing,15.50%
338851,Computer,7%
338851,Consumer Electronics,9.50%
338851,Electronic Accessories,11%
338851,Everything Else,10%
338851,Furniture,14.50%
338851,Grocery,≤TRY 500: 9% | >TRY 500: 13% (total)
338851,Health and Personal Care,13.50%
338851,Home Entertainment,11.50%
338851,Home Improvement,12.70%
338851,Jewelry,≤TRY 900: 20% | >TRY 900: 6% (total)
338851,Kitchen (Small Domestic Appliances),11%
338851,Kitchenware and Decoration,15%
338851,Lawn & Garden,14%
338851,Luggage,16%
338851,Major Appliances,7%
338851,Musical Instruments,10%
338851,Office Products,13%
338851,Personal Care Appliances,13.60%
338851,Pet Products,13.50%
338851,"Shoes, Handbags, and Shoe Accessories",17%
338851,Sports,10%
338851,Toys & Games,13%
338851,Video Game Consoles,8.50%
338851,Video Games,10%
338851,Watch,15.50%
623225021,All Other Categories,10%
623225021,Apparel,15%
623225021,Automotive,12%
623225021,Baby,9%
623225021,Beauty,12%
623225021,Books,7%
623225021,Camera,7%
623225021,Consumer Electronics,8%
623225021,Electronics Accessories,Up to EGP 1000: 15% | Over EGP 1000: 8% (tiered)
623225021,Furniture,13%
623225021,Gift Cards,10%
623225021,Grocery,≤EGP 250: 4% | >EGP 250: 10% (total)
623225021,Health & Personal Care,11.50%
623225021,Home,13%
623225021,Home Entertainment,5%
623225021,Jewelry,Up to EGP 5000: 19% | Over EGP 5000: 5% (tiered)
623225021,Kitchen,11.50%
623225021,Luggage,15%
623225021,Major Appliances,5%
623225021,Mobile phones,4.50%
623225021,Music,10%
623225021,Music instruments,12%
623225021,Office products,12%
623225021,Outdoor,13%
623225021,Perfumes,13%
623225021,Personal care Appliances,11%
623225021,Personal computers,4%
623225021,Pet Products,14%
623225021,Portable Audio,Up to EGP 1000: 15% | Over EGP 1000: 8% (tiered)
623225021,Shoes,15%
623225021,Small Appliances,7%
623225021,Software,10%
623225021,Sports,11.50%
623225021,Tools & Home Improvement,11%
623225021,Toys,13%
623225021,Video & DVD,11%
623225021,Video Game Consoles,4%
623225021,Video Games,10%
623225021,Watches,12%
6,Amazon Device Accessories,45%
6,Automotive and Powersports,≤JPY 750: 5% | >JPY 750: 10% (total)
6,Baby Products,≤JPY 750: 5% | >JPY 750 to ≤JPY 1500: 8% | >JPY 1500: 15% (total)
6,"Backpacks, Handbags, and Luggage",≤JPY 750: 5% | >JPY 750 to ≤JPY 7500: 12% (total) || Up to JPY 7500: 12% | Over JPY 7500: 6% (tiered)
6,Beauty - Different Beauty Brands,
6,"Beauty, Health and Personal Care",≤JPY 750: 5% | >JPY 750 to ≤JPY 1500: 8% | >JPY 1500: 10% (total)
6,Beer,≤JPY 750: 5% | >JPY 750: 6.5% (total)
6,"Business, Industrial, and Scientific Supplies",≤JPY 750: 5% | >JPY 750: 15% (total)
6,Clothing and Accessories,≤JPY 750: 5% | >JPY 750 to ≤JPY 2500: 8% | >JPY 2500 to ≤JPY 3000: 12% (total) | >JPY 3000: Up to JPY 3000: 12% + Over JPY 3000: 8% (tiered)
6,Compact Appliances,≤JPY 750: 5% | >JPY 750: 8% (total)
6,Computers,≤JPY 750: 5% | >JPY 750: 8% (total)
6,Consumer Electronics,≤JPY 750: 5% | >JPY 750: 8% (total)
6,Electronic Accessories,≤JPY 750: 5% | >JPY 750: 10% (total)
6,Everything Else,≤JPY 750: 5% | >JPY 750: 15% (total)
6,Eyewear,≤JPY 750: 5% | >JPY 750 to ≤JPY 3000: 12% (total) || >JPY 3000: Up to JPY 3000: 12% | Over JPY 3000: 8% (tiered)
6,Footwear,≤JPY 750: 5% | >JPY 750 to ≤JPY 7500: 12% (total) || >JPY 7500: Up to JPY 7500: 12% | Over JPY 7500: 6% (tiered)
6,Full-Size Appliances,≤JPY 750: 5% | >JPY 750: 8% (total)
6,Furniture,≤JPY 750: 5% | >JPY 750: 15% (total)
6,Grocery and Gourmet,≤JPY 750: 5% | >JPY 750 to ≤JPY 1500: 8% | >JPY 1500: 10% (total)
6,Home and Kitchen,≤JPY 750: 5% | >JPY 750: 15% (total)
6,Home and Kitchen Appliances,≤JPY 750: 5% | >JPY 750: 10% (total)
6,Jewelry,≤JPY 750: 5% | >JPY 750 to ≤JPY 10000: 10% (total) || >JPY 10000: Up to JPY 10000: 10% | Over JPY 10000: 6% (tiered)
6,Lawn & Garden,≤JPY 750: 5% | >JPY 750: 15% (total)
6,Mattresses,≤JPY 750: 5% | >JPY 750: 15% (total)
6,"Media - Books, DVD, Music, Software, Video",15%
6,Musical Instruments and AV Production,≤JPY 750: 5% | >JPY 750: 10% (total)
6,Office Products,≤JPY 750: 5% | >JPY 750: 15% (total)
6,Pet Products,≤JPY 750: 5% | >JPY 750 to ≤JPY 1500: 8% | >JPY 1500: 15% (total)
6,Professional Medical Supplies,≤JPY 750: 5% | >JPY 750 to ≤JPY 1500: 8% | >JPY 1500: 10% (total)
6,Sports and Outdoors,≤JPY 750: 5% | >JPY 750: 10% (total)
6,Tires,≤JPY 750: 5% | >JPY 750: 10% (total)
6,Tools and Home Improvement,≤JPY 750: 5% | >JPY 750: 15% (total)
6,Toys and Games,≤JPY 750: 5% | >JPY 750: 10% (total)
6,Video Game Consoles,≤JPY 750: 5% | >JPY 750: 8% (total)
6,Video Games and Gaming Accessories,15%
6,Watches,≤JPY 750: 5% | >JPY 750: 15% (total)
111172,Alcoholic Beverages,10%
111172,Automotive and Powersports,10.50%
111172,Baby Products,≤$20: 8% | >$20: 11% (total)
111172,Base Equipment Power Tools,7%
111172,"Beauty, Health and Personal Care",≤$20: 8% | >$20: 13% (total)
111172,"Business, Industrial & Scientific Supplies",11%
111172,Clothing and Accessories,≤$20: 10% | >$20: 13% (total)
111172,Computers,Up to $150: 8% | Over $150: 6% (tiered)
111172,Consumer Electronics,8%
111172,Electronic Accessories,13.50%
111172,Everything Else,15%
111172,Furniture,12%
111172,Grocery and Gourmet,≤$20: 8% | >$20: 10% (total)
111172,Home & Kitchen Appliances,8%
111172,Home and Kitchen,13%
111172,Jewellery,Up to $200: 15% | Over $200: 5% (tiered)
111172,Lawn and Garden,10.50%
111172,Luggage,13%
111172,Major Domestic Appliances,7%
111172,"Media - Books, DVD, Music, Software, Video",15%
111172,Musical Instruments and AV Production,11%
111172,Office Products,13%
111172,Pet Products,≤$20: 10% | >$20: 13% (total)
111172,"Shoes, Handbags & Sunglasses",Up to $50: 14% | Over $50: 10% (tiered)
111172,Sports and Outdoors,Up to $200: 13% | Over $200: 12% (tiered)
111172,Tools & Home Improvement,≤$20: 10% | >$20: 13% (total)
111172,Toys and Games,12%
111172,Tyres,9%
111172,Video Game Consoles,6%
111172,Video Games & Gaming Accessories,9%
111172,Watches,Up to $50: 12% | Over $50: 8% (tiered)
104444012,Automotive and Powersports,13%
104444012,Baby Products,≤S$20: 9.5% | >S$20: 12.5% (total)
104444012,"Backpacks, Handbags and Luggage",13.50%
104444012,"Beauty, Health and Personal Care",≤S$20: 8% | >S$20: 11% (total)
104444012,"Beer, Wine and Spirits",9%
104444012,"Business, Industrial and Scientific Supplies",13%
104444012,Clothing and Accessories,11%
104444012,Computers,7%
104444012,Consumer Electronics,8%
104444012,Electronics Accessories,Up to S$100: 12% | Over S$100: 8% (tiered)
104444012,Everything Else,12.50%
104444012,Footwear,12%
104444012,Furniture,12%
104444012,Grocery and Gourmet,9%
104444012,Home and Kitchen,12%
104444012,Jewellery,15%
104444012,Lawn and Garden,12%
104444012,Major Appliances,12%
104444012,"Media - Books, DVD, Music, Software",13.50%
104444012,Musical Instruments and AV Production,12%
104444012,Office Products,13%
104444012,Pet Products,≤S$20: 9% | >S$20: 11% (total)
104444012,Sports and Outdoors,12.50%
104444012,Tools and Home Improvement,12%
104444012,Toys and Games,12.50%
104444012,Video Game Consoles,7%
104444012,Video Games and Gaming Accessories,12%
104444012,Watches,13.50%
